image_name,scale,center_w,center_h,original_0_x,original_0_y
augmented_image593_patch_0_xy.jpg,0.32,32,32,32.0,32.0
augmented_image658_patch_0_xy.jpg,0.32,32,32,32.0,32.0
augmented_image900_patch_0_xy.jpg,0.32,32,32,32.0,32.0
augmented_image980_patch_0_xy.jpg,0.32,32,32,32.0,32.0
augmented_image577_patch_0_xy.jpg,0.32,32,32,32.0,32.0
augmented_image494_patch_0_xy.jpg,0.32,32,32,32.0,32.0
107_patch_0_xy.jpg,0.32,32,32,32.0,32.0
augmented_image586_patch_0_xy.jpg,0.32,32,32,32.0,32.0
augmented_image982_patch_0_xy.jpg,0.32,32,32,32.0,32.0
augmented_image39_patch_0_xy.jpg,0.32,32,32,32.0,32.0
augmented_image363_patch_0_xy.jpg,0.32,32,32,32.0,32.0
augmented_image9_patch_0_xy.jpg,0.32,32,32,32.0,32.0
augmented_image719_patch_0_xy.jpg,0.32,32,32,32.0,32.0
augmented_image860_patch_0_xy.jpg,0.32,32,32,32.0,32.0
086_patch_0_xy.jpg,0.32,32,32,32.0,32.0
augmented_image815_patch_0_xy.jpg,0.32,32,32,32.0,32.0
augmented_image312_patch_0_xy.jpg,0.32,32,32,32.0,32.0
augmented_image202_patch_0_xy.jpg,0.32,32,32,32.0,32.0
augmented_image781_patch_0_xy.jpg,0.32,32,32,32.0,32.0
104_patch_0_xy.jpg,0.32,32,32,32.0,32.0
augmented_image111_patch_0_xy.jpg,0.32,32,32,32.0,32.0
augmented_image171_patch_0_xy.jpg,0.32,32,32,32.0,32.0
augmented_image43_patch_0_xy.jpg,0.32,32,32,32.0,32.0
augmented_image369_patch_0_xy.jpg,0.32,32,32,32.0,32.0
augmented_image575_patch_0_xy.jpg,0.32,32,32,32.0,32.0
073_patch_0_xy.jpg,0.32,32,32,32.0,32.0
augmented_image166_patch_0_xy.jpg,0.32,32,32,32.0,32.0
augmented_image946_patch_0_xy.jpg,0.32,32,32,32.0,32.0
augmented_image693_patch_0_xy.jpg,0.32,32,32,32.0,32.0
014_patch_0_xy.jpg,0.32,32,32,32.0,32.0
augmented_image559_patch_0_xy.jpg,0.32,32,32,32.0,32.0
augmented_image434_patch_0_xy.jpg,0.32,32,32,32.0,32.0
042_patch_0_xy.jpg,0.32,32,32,32.0,32.0
augmented_image670_patch_0_xy.jpg,0.32,32,32,32.0,32.0
augmented_image227_patch_0_xy.jpg,0.32,32,32,32.0,32.0
augmented_image967_patch_0_xy.jpg,0.32,32,32,32.0,32.0
augmented_image932_patch_0_xy.jpg,0.32,32,32,32.0,32.0
augmented_image445_patch_0_xy.jpg,0.32,32,32,32.0,32.0
augmented_image572_patch_0_xy.jpg,0.32,32,32,32.0,32.0
augmented_image716_patch_0_xy.jpg,0.32,32,32,32.0,32.0
augmented_image667_patch_0_xy.jpg,0.32,32,32,32.0,32.0
augmented_image470_patch_0_xy.jpg,0.32,32,32,32.0,32.0
augmented_image944_patch_0_xy.jpg,0.32,32,32,32.0,32.0
augmented_image758_patch_0_xy.jpg,0.32,32,32,32.0,32.0
augmented_image396_patch_0_xy.jpg,0.32,32,32,32.0,32.0
augmented_image936_patch_0_xy.jpg,0.32,32,32,32.0,32.0
augmented_image1003_patch_0_xy.jpg,0.32,32,32,32.0,32.0
augmented_image200_patch_0_xy.jpg,0.32,32,32,32.0,32.0
augmented_image157_patch_0_xy.jpg,0.32,32,32,32.0,32.0
augmented_image290_patch_0_xy.jpg,0.32,32,32,32.0,32.0
augmented_image351_patch_0_xy.jpg,0.32,32,32,32.0,32.0
augmented_image1037_patch_0_xy.jpg,0.32,32,32,32.0,32.0
augmented_image983_patch_0_xy.jpg,0.32,32,32,32.0,32.0
augmented_image762_patch_0_xy.jpg,0.32,32,32,32.0,32.0
036_patch_0_xy.jpg,0.32,32,32,32.0,32.0
augmented_image168_patch_0_xy.jpg,0.32,32,32,32.0,32.0
100_patch_0_xy.jpg,0.32,32,32,32.0,32.0
120_patch_0_xy.jpg,0.32,32,32,32.0,32.0
augmented_image753_patch_0_xy.jpg,0.32,32,32,32.0,32.0
augmented_image495_patch_0_xy.jpg,0.32,32,32,32.0,32.0
augmented_image342_patch_0_xy.jpg,0.32,32,32,32.0,32.0
augmented_image941_patch_0_xy.jpg,0.32,32,32,32.0,32.0
augmented_image974_patch_0_xy.jpg,0.32,32,32,32.0,32.0
augmented_image496_patch_0_xy.jpg,0.32,32,32,32.0,32.0
augmented_image505_patch_0_xy.jpg,0.32,32,32,32.0,32.0
augmented_image886_patch_0_xy.jpg,0.32,32,32,32.0,32.0
augmented_image86_patch_0_xy.jpg,0.32,32,32,32.0,32.0
augmented_image635_patch_0_xy.jpg,0.32,32,32,32.0,32.0
augmented_image756_patch_0_xy.jpg,0.32,32,32,32.0,32.0
augmented_image60_patch_0_xy.jpg,0.32,32,32,32.0,32.0
augmented_image763_patch_0_xy.jpg,0.32,32,32,32.0,32.0
augmented_image625_patch_0_xy.jpg,0.32,32,32,32.0,32.0
augmented_image339_patch_0_xy.jpg,0.32,32,32,32.0,32.0
augmented_image52_patch_0_xy.jpg,0.32,32,32,32.0,32.0
augmented_image404_patch_0_xy.jpg,0.32,32,32,32.0,32.0
augmented_image151_patch_0_xy.jpg,0.32,32,32,32.0,32.0
augmented_image668_patch_0_xy.jpg,0.32,32,32,32.0,32.0
augmented_image309_patch_0_xy.jpg,0.32,32,32,32.0,32.0
augmented_image443_patch_0_xy.jpg,0.32,32,32,32.0,32.0
augmented_image896_patch_0_xy.jpg,0.32,32,32,32.0,32.0
augmented_image651_patch_0_xy.jpg,0.32,32,32,32.0,32.0
081_patch_0_xy.jpg,0.32,32,32,32.0,32.0
augmented_image779_patch_0_xy.jpg,0.32,32,32,32.0,32.0
augmented_image246_patch_0_xy.jpg,0.32,32,32,32.0,32.0
augmented_image752_patch_0_xy.jpg,0.32,32,32,32.0,32.0
augmented_image126_patch_0_xy.jpg,0.32,32,32,32.0,32.0
augmented_image244_patch_0_xy.jpg,0.32,32,32,32.0,32.0
augmented_image560_patch_0_xy.jpg,0.32,32,32,32.0,32.0
augmented_image419_patch_0_xy.jpg,0.32,32,32,32.0,32.0
augmented_image478_patch_0_xy.jpg,0.32,32,32,32.0,32.0
augmented_image580_patch_0_xy.jpg,0.32,32,32,32.0,32.0
131_patch_0_xy.jpg,0.32,32,32,32.0,32.0
augmented_image923_patch_0_xy.jpg,0.32,32,32,32.0,32.0
augmented_image968_patch_0_xy.jpg,0.32,32,32,32.0,32.0
augmented_image386_patch_0_xy.jpg,0.32,32,32,32.0,32.0
augmented_image712_patch_0_xy.jpg,0.32,32,32,32.0,32.0
augmented_image927_patch_0_xy.jpg,0.32,32,32,32.0,32.0
augmented_image748_patch_0_xy.jpg,0.32,32,32,32.0,32.0
087_patch_0_xy.jpg,0.32,32,32,32.0,32.0
augmented_image121_patch_0_xy.jpg,0.32,32,32,32.0,32.0
augmented_image633_patch_0_xy.jpg,0.32,32,32,32.0,32.0
augmented_image291_patch_0_xy.jpg,0.32,32,32,32.0,32.0
augmented_image950_patch_0_xy.jpg,0.32,32,32,32.0,32.0
augmented_image258_patch_0_xy.jpg,0.32,32,32,32.0,32.0
augmented_image738_patch_0_xy.jpg,0.32,32,32,32.0,32.0
augmented_image589_patch_0_xy.jpg,0.32,32,32,32.0,32.0
augmented_image855_patch_0_xy.jpg,0.32,32,32,32.0,32.0
augmented_image335_patch_0_xy.jpg,0.32,32,32,32.0,32.0
augmented_image107_patch_0_xy.jpg,0.32,32,32,32.0,32.0
augmented_image42_patch_0_xy.jpg,0.32,32,32,32.0,32.0
augmented_image1041_patch_0_xy.jpg,0.32,32,32,32.0,32.0
134_patch_0_xy.jpg,0.32,32,32,32.0,32.0
augmented_image958_patch_0_xy.jpg,0.32,32,32,32.0,32.0
augmented_image1011_patch_0_xy.jpg,0.32,32,32,32.0,32.0
augmented_image464_patch_0_xy.jpg,0.32,32,32,32.0,32.0
augmented_image729_patch_0_xy.jpg,0.32,32,32,32.0,32.0
augmented_image698_patch_0_xy.jpg,0.32,32,32,32.0,32.0
augmented_image657_patch_0_xy.jpg,0.32,32,32,32.0,32.0
augmented_image925_patch_0_xy.jpg,0.32,32,32,32.0,32.0
augmented_image857_patch_0_xy.jpg,0.32,32,32,32.0,32.0
augmented_image61_patch_0_xy.jpg,0.32,32,32,32.0,32.0
augmented_image888_patch_0_xy.jpg,0.32,32,32,32.0,32.0
013_patch_0_xy.jpg,0.32,32,32,32.0,32.0
augmented_image466_patch_0_xy.jpg,0.32,32,32,32.0,32.0
augmented_image849_patch_0_xy.jpg,0.32,32,32,32.0,32.0
augmented_image1020_patch_0_xy.jpg,0.32,32,32,32.0,32.0
augmented_image435_patch_0_xy.jpg,0.32,32,32,32.0,32.0
augmented_image140_patch_0_xy.jpg,0.32,32,32,32.0,32.0
augmented_image162_patch_0_xy.jpg,0.32,32,32,32.0,32.0
augmented_image521_patch_0_xy.jpg,0.32,32,32,32.0,32.0
augmented_image1036_patch_0_xy.jpg,0.32,32,32,32.0,32.0
augmented_image760_patch_0_xy.jpg,0.32,32,32,32.0,32.0
007_patch_0_xy.jpg,0.32,32,32,32.0,32.0
augmented_image173_patch_0_xy.jpg,0.32,32,32,32.0,32.0
025_patch_0_xy.jpg,0.32,32,32,32.0,32.0
057_patch_0_xy.jpg,0.32,32,32,32.0,32.0
095_patch_0_xy.jpg,0.32,32,32,32.0,32.0
augmented_image804_patch_0_xy.jpg,0.32,32,32,32.0,32.0
augmented_image1006_patch_0_xy.jpg,0.32,32,32,32.0,32.0
augmented_image765_patch_0_xy.jpg,0.32,32,32,32.0,32.0
050_patch_0_xy.jpg,0.32,32,32,32.0,32.0
135_patch_0_xy.jpg,0.32,32,32,32.0,32.0
075_patch_0_xy.jpg,0.32,32,32,32.0,32.0
augmented_image543_patch_0_xy.jpg,0.32,32,32,32.0,32.0
augmented_image221_patch_0_xy.jpg,0.32,32,32,32.0,32.0
augmented_image990_patch_0_xy.jpg,0.32,32,32,32.0,32.0
augmented_image130_patch_0_xy.jpg,0.32,32,32,32.0,32.0
augmented_image802_patch_0_xy.jpg,0.32,32,32,32.0,32.0
augmented_image672_patch_0_xy.jpg,0.32,32,32,32.0,32.0
augmented_image134_patch_0_xy.jpg,0.32,32,32,32.0,32.0
augmented_image1042_patch_0_xy.jpg,0.32,32,32,32.0,32.0
augmented_image201_patch_0_xy.jpg,0.32,32,32,32.0,32.0
augmented_image724_patch_0_xy.jpg,0.32,32,32,32.0,32.0
augmented_image38_patch_0_xy.jpg,0.32,32,32,32.0,32.0
augmented_image328_patch_0_xy.jpg,0.32,32,32,32.0,32.0
augmented_image568_patch_0_xy.jpg,0.32,32,32,32.0,32.0
augmented_image956_patch_0_xy.jpg,0.32,32,32,32.0,32.0
augmented_image1022_patch_0_xy.jpg,0.32,32,32,32.0,32.0
003_patch_0_xy.jpg,0.32,32,32,32.0,32.0
augmented_image315_patch_0_xy.jpg,0.32,32,32,32.0,32.0
064_patch_0_xy.jpg,0.32,32,32,32.0,32.0
augmented_image99_patch_0_xy.jpg,0.32,32,32,32.0,32.0
augmented_image403_patch_0_xy.jpg,0.32,32,32,32.0,32.0
augmented_image347_patch_0_xy.jpg,0.32,32,32,32.0,32.0
augmented_image417_patch_0_xy.jpg,0.32,32,32,32.0,32.0
augmented_image664_patch_0_xy.jpg,0.32,32,32,32.0,32.0
augmented_image853_patch_0_xy.jpg,0.32,32,32,32.0,32.0
augmented_image1015_patch_0_xy.jpg,0.32,32,32,32.0,32.0
augmented_image649_patch_0_xy.jpg,0.32,32,32,32.0,32.0
augmented_image294_patch_0_xy.jpg,0.32,32,32,32.0,32.0
augmented_image314_patch_0_xy.jpg,0.32,32,32,32.0,32.0
augmented_image104_patch_0_xy.jpg,0.32,32,32,32.0,32.0
019_patch_0_xy.jpg,0.32,32,32,32.0,32.0
augmented_image274_patch_0_xy.jpg,0.32,32,32,32.0,32.0
augmented_image94_patch_0_xy.jpg,0.32,32,32,32.0,32.0
augmented_image12_patch_0_xy.jpg,0.32,32,32,32.0,32.0
augmented_image485_patch_0_xy.jpg,0.32,32,32,32.0,32.0
augmented_image735_patch_0_xy.jpg,0.32,32,32,32.0,32.0
augmented_image787_patch_0_xy.jpg,0.32,32,32,32.0,32.0
083_patch_0_xy.jpg,0.32,32,32,32.0,32.0
001_patch_0_xy.jpg,0.32,32,32,32.0,32.0
augmented_image879_patch_0_xy.jpg,0.32,32,32,32.0,32.0
augmented_image418_patch_0_xy.jpg,0.32,32,32,32.0,32.0
augmented_image875_patch_0_xy.jpg,0.32,32,32,32.0,32.0
augmented_image220_patch_0_xy.jpg,0.32,32,32,32.0,32.0
augmented_image714_patch_0_xy.jpg,0.32,32,32,32.0,32.0
127_patch_0_xy.jpg,0.32,32,32,32.0,32.0
augmented_image678_patch_0_xy.jpg,0.32,32,32,32.0,32.0
augmented_image461_patch_0_xy.jpg,0.32,32,32,32.0,32.0
augmented_image686_patch_0_xy.jpg,0.32,32,32,32.0,32.0
augmented_image286_patch_0_xy.jpg,0.32,32,32,32.0,32.0
augmented_image174_patch_0_xy.jpg,0.32,32,32,32.0,32.0
108_patch_0_xy.jpg,0.32,32,32,32.0,32.0
augmented_image696_patch_0_xy.jpg,0.32,32,32,32.0,32.0
085_patch_0_xy.jpg,0.32,32,32,32.0,32.0
augmented_image370_patch_0_xy.jpg,0.32,32,32,32.0,32.0
augmented_image793_patch_0_xy.jpg,0.32,32,32,32.0,32.0
augmented_image868_patch_0_xy.jpg,0.32,32,32,32.0,32.0
103_patch_0_xy.jpg,0.32,32,32,32.0,32.0
augmented_image910_patch_0_xy.jpg,0.32,32,32,32.0,32.0
augmented_image582_patch_0_xy.jpg,0.32,32,32,32.0,32.0
augmented_image131_patch_0_xy.jpg,0.32,32,32,32.0,32.0
augmented_image46_patch_0_xy.jpg,0.32,32,32,32.0,32.0
augmented_image723_patch_0_xy.jpg,0.32,32,32,32.0,32.0
021_patch_0_xy.jpg,0.32,32,32,32.0,32.0
123_patch_0_xy.jpg,0.32,32,32,32.0,32.0
112_patch_0_xy.jpg,0.32,32,32,32.0,32.0
augmented_image739_patch_0_xy.jpg,0.32,32,32,32.0,32.0
084_patch_0_xy.jpg,0.32,32,32,32.0,32.0
augmented_image617_patch_0_xy.jpg,0.32,32,32,32.0,32.0
137_patch_0_xy.jpg,0.32,32,32,32.0,32.0
augmented_image116_patch_0_xy.jpg,0.32,32,32,32.0,32.0
augmented_image573_patch_0_xy.jpg,0.32,32,32,32.0,32.0
augmented_image841_patch_0_xy.jpg,0.32,32,32,32.0,32.0
augmented_image585_patch_0_xy.jpg,0.32,32,32,32.0,32.0
augmented_image450_patch_0_xy.jpg,0.32,32,32,32.0,32.0
augmented_image842_patch_0_xy.jpg,0.32,32,32,32.0,32.0
augmented_image1025_patch_0_xy.jpg,0.32,32,32,32.0,32.0
augmented_image415_patch_0_xy.jpg,0.32,32,32,32.0,32.0
augmented_image757_patch_0_xy.jpg,0.32,32,32,32.0,32.0
augmented_image218_patch_0_xy.jpg,0.32,32,32,32.0,32.0
augmented_image288_patch_0_xy.jpg,0.32,32,32,32.0,32.0
augmented_image437_patch_0_xy.jpg,0.32,32,32,32.0,32.0
augmented_image355_patch_0_xy.jpg,0.32,32,32,32.0,32.0
augmented_image323_patch_0_xy.jpg,0.32,32,32,32.0,32.0
augmented_image279_patch_0_xy.jpg,0.32,32,32,32.0,32.0
augmented_image361_patch_0_xy.jpg,0.32,32,32,32.0,32.0
augmented_image665_patch_0_xy.jpg,0.32,32,32,32.0,32.0
augmented_image380_patch_0_xy.jpg,0.32,32,32,32.0,32.0
augmented_image458_patch_0_xy.jpg,0.32,32,32,32.0,32.0
augmented_image660_patch_0_xy.jpg,0.32,32,32,32.0,32.0
augmented_image410_patch_0_xy.jpg,0.32,32,32,32.0,32.0
augmented_image674_patch_0_xy.jpg,0.32,32,32,32.0,32.0
augmented_image977_patch_0_xy.jpg,0.32,32,32,32.0,32.0
augmented_image579_patch_0_xy.jpg,0.32,32,32,32.0,32.0
augmented_image771_patch_0_xy.jpg,0.32,32,32,32.0,32.0
augmented_image890_patch_0_xy.jpg,0.32,32,32,32.0,32.0
augmented_image518_patch_0_xy.jpg,0.32,32,32,32.0,32.0
augmented_image892_patch_0_xy.jpg,0.32,32,32,32.0,32.0
augmented_image23_patch_0_xy.jpg,0.32,32,32,32.0,32.0
augmented_image306_patch_0_xy.jpg,0.32,32,32,32.0,32.0
augmented_image563_patch_0_xy.jpg,0.32,32,32,32.0,32.0
augmented_image1002_patch_0_xy.jpg,0.32,32,32,32.0,32.0
099_patch_0_xy.jpg,0.32,32,32,32.0,32.0
augmented_image122_patch_0_xy.jpg,0.32,32,32,32.0,32.0
augmented_image689_patch_0_xy.jpg,0.32,32,32,32.0,32.0
augmented_image654_patch_0_xy.jpg,0.32,32,32,32.0,32.0
augmented_image436_patch_0_xy.jpg,0.32,32,32,32.0,32.0
augmented_image751_patch_0_xy.jpg,0.32,32,32,32.0,32.0
augmented_image114_patch_0_xy.jpg,0.32,32,32,32.0,32.0
augmented_image701_patch_0_xy.jpg,0.32,32,32,32.0,32.0
augmented_image592_patch_0_xy.jpg,0.32,32,32,32.0,32.0
augmented_image644_patch_0_xy.jpg,0.32,32,32,32.0,32.0
augmented_image348_patch_0_xy.jpg,0.32,32,32,32.0,32.0
015_patch_0_xy.jpg,0.32,32,32,32.0,32.0
augmented_image677_patch_0_xy.jpg,0.32,32,32,32.0,32.0
augmented_image503_patch_0_xy.jpg,0.32,32,32,32.0,32.0
augmented_image444_patch_0_xy.jpg,0.32,32,32,32.0,32.0
augmented_image430_patch_0_xy.jpg,0.32,32,32,32.0,32.0
augmented_image919_patch_0_xy.jpg,0.32,32,32,32.0,32.0
augmented_image533_patch_0_xy.jpg,0.32,32,32,32.0,32.0
augmented_image691_patch_0_xy.jpg,0.32,32,32,32.0,32.0
augmented_image880_patch_0_xy.jpg,0.32,32,32,32.0,32.0
augmented_image346_patch_0_xy.jpg,0.32,32,32,32.0,32.0
augmented_image916_patch_0_xy.jpg,0.32,32,32,32.0,32.0
augmented_image769_patch_0_xy.jpg,0.32,32,32,32.0,32.0
augmented_image278_patch_0_xy.jpg,0.32,32,32,32.0,32.0
augmented_image800_patch_0_xy.jpg,0.32,32,32,32.0,32.0
augmented_image798_patch_0_xy.jpg,0.32,32,32,32.0,32.0
augmented_image899_patch_0_xy.jpg,0.32,32,32,32.0,32.0
augmented_image532_patch_0_xy.jpg,0.32,32,32,32.0,32.0
augmented_image547_patch_0_xy.jpg,0.32,32,32,32.0,32.0
augmented_image255_patch_0_xy.jpg,0.32,32,32,32.0,32.0
augmented_image276_patch_0_xy.jpg,0.32,32,32,32.0,32.0
augmented_image373_patch_0_xy.jpg,0.32,32,32,32.0,32.0
004_patch_0_xy.jpg,0.32,32,32,32.0,32.0
augmented_image365_patch_0_xy.jpg,0.32,32,32,32.0,32.0
011_patch_0_xy.jpg,0.32,32,32,32.0,32.0
augmented_image231_patch_0_xy.jpg,0.32,32,32,32.0,32.0
augmented_image600_patch_0_xy.jpg,0.32,32,32,32.0,32.0
augmented_image317_patch_0_xy.jpg,0.32,32,32,32.0,32.0
augmented_image70_patch_0_xy.jpg,0.32,32,32,32.0,32.0
augmented_image1009_patch_0_xy.jpg,0.32,32,32,32.0,32.0
augmented_image93_patch_0_xy.jpg,0.32,32,32,32.0,32.0
augmented_image706_patch_0_xy.jpg,0.32,32,32,32.0,32.0
018_patch_0_xy.jpg,0.32,32,32,32.0,32.0
augmented_image777_patch_0_xy.jpg,0.32,32,32,32.0,32.0
augmented_image422_patch_0_xy.jpg,0.32,32,32,32.0,32.0
augmented_image320_patch_0_xy.jpg,0.32,32,32,32.0,32.0
augmented_image272_patch_0_xy.jpg,0.32,32,32,32.0,32.0
090_patch_0_xy.jpg,0.32,32,32,32.0,32.0
augmented_image626_patch_0_xy.jpg,0.32,32,32,32.0,32.0
augmented_image548_patch_0_xy.jpg,0.32,32,32,32.0,32.0
augmented_image830_patch_0_xy.jpg,0.32,32,32,32.0,32.0
augmented_image989_patch_0_xy.jpg,0.32,32,32,32.0,32.0
augmented_image581_patch_0_xy.jpg,0.32,32,32,32.0,32.0
augmented_image614_patch_0_xy.jpg,0.32,32,32,32.0,32.0
augmented_image190_patch_0_xy.jpg,0.32,32,32,32.0,32.0
augmented_image237_patch_0_xy.jpg,0.32,32,32,32.0,32.0
augmented_image423_patch_0_xy.jpg,0.32,32,32,32.0,32.0
augmented_image239_patch_0_xy.jpg,0.32,32,32,32.0,32.0
augmented_image149_patch_0_xy.jpg,0.32,32,32,32.0,32.0
augmented_image141_patch_0_xy.jpg,0.32,32,32,32.0,32.0
augmented_image822_patch_0_xy.jpg,0.32,32,32,32.0,32.0
031_patch_0_xy.jpg,0.32,32,32,32.0,32.0
augmented_image741_patch_0_xy.jpg,0.32,32,32,32.0,32.0
augmented_image557_patch_0_xy.jpg,0.32,32,32,32.0,32.0
augmented_image78_patch_0_xy.jpg,0.32,32,32,32.0,32.0
augmented_image666_patch_0_xy.jpg,0.32,32,32,32.0,32.0
augmented_image786_patch_0_xy.jpg,0.32,32,32,32.0,32.0
augmented_image889_patch_0_xy.jpg,0.32,32,32,32.0,32.0
augmented_image531_patch_0_xy.jpg,0.32,32,32,32.0,32.0
augmented_image669_patch_0_xy.jpg,0.32,32,32,32.0,32.0
augmented_image818_patch_0_xy.jpg,0.32,32,32,32.0,32.0
augmented_image382_patch_0_xy.jpg,0.32,32,32,32.0,32.0
augmented_image302_patch_0_xy.jpg,0.32,32,32,32.0,32.0
augmented_image241_patch_0_xy.jpg,0.32,32,32,32.0,32.0
augmented_image160_patch_0_xy.jpg,0.32,32,32,32.0,32.0
augmented_image908_patch_0_xy.jpg,0.32,32,32,32.0,32.0
augmented_image1045_patch_0_xy.jpg,0.32,32,32,32.0,32.0
augmented_image653_patch_0_xy.jpg,0.32,32,32,32.0,32.0
augmented_image371_patch_0_xy.jpg,0.32,32,32,32.0,32.0
augmented_image377_patch_0_xy.jpg,0.32,32,32,32.0,32.0
augmented_image981_patch_0_xy.jpg,0.32,32,32,32.0,32.0
augmented_image416_patch_0_xy.jpg,0.32,32,32,32.0,32.0
augmented_image352_patch_0_xy.jpg,0.32,32,32,32.0,32.0
augmented_image620_patch_0_xy.jpg,0.32,32,32,32.0,32.0
augmented_image796_patch_0_xy.jpg,0.32,32,32,32.0,32.0
augmented_image484_patch_0_xy.jpg,0.32,32,32,32.0,32.0
augmented_image399_patch_0_xy.jpg,0.32,32,32,32.0,32.0
augmented_image537_patch_0_xy.jpg,0.32,32,32,32.0,32.0
augmented_image861_patch_0_xy.jpg,0.32,32,32,32.0,32.0
augmented_image169_patch_0_xy.jpg,0.32,32,32,32.0,32.0
augmented_image385_patch_0_xy.jpg,0.32,32,32,32.0,32.0
augmented_image381_patch_0_xy.jpg,0.32,32,32,32.0,32.0
augmented_image881_patch_0_xy.jpg,0.32,32,32,32.0,32.0
augmented_image188_patch_0_xy.jpg,0.32,32,32,32.0,32.0
augmented_image500_patch_0_xy.jpg,0.32,32,32,32.0,32.0
augmented_image541_patch_0_xy.jpg,0.32,32,32,32.0,32.0
augmented_image287_patch_0_xy.jpg,0.32,32,32,32.0,32.0
augmented_image263_patch_0_xy.jpg,0.32,32,32,32.0,32.0
augmented_image534_patch_0_xy.jpg,0.32,32,32,32.0,32.0
augmented_image673_patch_0_xy.jpg,0.32,32,32,32.0,32.0
augmented_image993_patch_0_xy.jpg,0.32,32,32,32.0,32.0
augmented_image524_patch_0_xy.jpg,0.32,32,32,32.0,32.0
augmented_image224_patch_0_xy.jpg,0.32,32,32,32.0,32.0
augmented_image650_patch_0_xy.jpg,0.32,32,32,32.0,32.0
augmented_image10_patch_0_xy.jpg,0.32,32,32,32.0,32.0
augmented_image721_patch_0_xy.jpg,0.32,32,32,32.0,32.0
124_patch_0_xy.jpg,0.32,32,32,32.0,32.0
augmented_image92_patch_0_xy.jpg,0.32,32,32,32.0,32.0
augmented_image321_patch_0_xy.jpg,0.32,32,32,32.0,32.0
augmented_image628_patch_0_xy.jpg,0.32,32,32,32.0,32.0
augmented_image640_patch_0_xy.jpg,0.32,32,32,32.0,32.0
133_patch_0_xy.jpg,0.32,32,32,32.0,32.0
augmented_image481_patch_0_xy.jpg,0.32,32,32,32.0,32.0
augmented_image661_patch_0_xy.jpg,0.32,32,32,32.0,32.0
augmented_image256_patch_0_xy.jpg,0.32,32,32,32.0,32.0
augmented_image75_patch_0_xy.jpg,0.32,32,32,32.0,32.0
augmented_image550_patch_0_xy.jpg,0.32,32,32,32.0,32.0
augmented_image884_patch_0_xy.jpg,0.32,32,32,32.0,32.0
augmented_image999_patch_0_xy.jpg,0.32,32,32,32.0,32.0
augmented_image214_patch_0_xy.jpg,0.32,32,32,32.0,32.0
augmented_image427_patch_0_xy.jpg,0.32,32,32,32.0,32.0
augmented_image740_patch_0_xy.jpg,0.32,32,32,32.0,32.0
147_patch_0_xy.jpg,0.32,32,32,32.0,32.0
augmented_image736_patch_0_xy.jpg,0.32,32,32,32.0,32.0
augmented_image193_patch_0_xy.jpg,0.32,32,32,32.0,32.0
augmented_image313_patch_0_xy.jpg,0.32,32,32,32.0,32.0
augmented_image32_patch_0_xy.jpg,0.32,32,32,32.0,32.0
augmented_image243_patch_0_xy.jpg,0.32,32,32,32.0,32.0
augmented_image978_patch_0_xy.jpg,0.32,32,32,32.0,32.0
augmented_image1005_patch_0_xy.jpg,0.32,32,32,32.0,32.0
augmented_image907_patch_0_xy.jpg,0.32,32,32,32.0,32.0
augmented_image325_patch_0_xy.jpg,0.32,32,32,32.0,32.0
augmented_image406_patch_0_xy.jpg,0.32,32,32,32.0,32.0
augmented_image384_patch_0_xy.jpg,0.32,32,32,32.0,32.0
080_patch_0_xy.jpg,0.32,32,32,32.0,32.0
augmented_image206_patch_0_xy.jpg,0.32,32,32,32.0,32.0
augmented_image98_patch_0_xy.jpg,0.32,32,32,32.0,32.0
augmented_image776_patch_0_xy.jpg,0.32,32,32,32.0,32.0
058_patch_0_xy.jpg,0.32,32,32,32.0,32.0
augmented_image1017_patch_0_xy.jpg,0.32,32,32,32.0,32.0
augmented_image594_patch_0_xy.jpg,0.32,32,32,32.0,32.0
augmented_image692_patch_0_xy.jpg,0.32,32,32,32.0,32.0
augmented_image535_patch_0_xy.jpg,0.32,32,32,32.0,32.0
augmented_image844_patch_0_xy.jpg,0.32,32,32,32.0,32.0
062_patch_0_xy.jpg,0.32,32,32,32.0,32.0
augmented_image638_patch_0_xy.jpg,0.32,32,32,32.0,32.0
augmented_image316_patch_0_xy.jpg,0.32,32,32,32.0,32.0
augmented_image77_patch_0_xy.jpg,0.32,32,32,32.0,32.0
augmented_image236_patch_0_xy.jpg,0.32,32,32,32.0,32.0
augmented_image59_patch_0_xy.jpg,0.32,32,32,32.0,32.0
augmented_image817_patch_0_xy.jpg,0.32,32,32,32.0,32.0
augmented_image29_patch_0_xy.jpg,0.32,32,32,32.0,32.0
augmented_image408_patch_0_xy.jpg,0.32,32,32,32.0,32.0
136_patch_0_xy.jpg,0.32,32,32,32.0,32.0
augmented_image863_patch_0_xy.jpg,0.32,32,32,32.0,32.0
augmented_image395_patch_0_xy.jpg,0.32,32,32,32.0,32.0
augmented_image497_patch_0_xy.jpg,0.32,32,32,32.0,32.0
augmented_image465_patch_0_xy.jpg,0.32,32,32,32.0,32.0
143_patch_0_xy.jpg,0.32,32,32,32.0,32.0
augmented_image780_patch_0_xy.jpg,0.32,32,32,32.0,32.0
augmented_image554_patch_0_xy.jpg,0.32,32,32,32.0,32.0
augmented_image549_patch_0_xy.jpg,0.32,32,32,32.0,32.0
augmented_image64_patch_0_xy.jpg,0.32,32,32,32.0,32.0
077_patch_0_xy.jpg,0.32,32,32,32.0,32.0
augmented_image774_patch_0_xy.jpg,0.32,32,32,32.0,32.0
070_patch_0_xy.jpg,0.32,32,32,32.0,32.0
053_patch_0_xy.jpg,0.32,32,32,32.0,32.0
augmented_image552_patch_0_xy.jpg,0.32,32,32,32.0,32.0
augmented_image1012_patch_0_xy.jpg,0.32,32,32,32.0,32.0
augmented_image538_patch_0_xy.jpg,0.32,32,32,32.0,32.0
augmented_image710_patch_0_xy.jpg,0.32,32,32,32.0,32.0
augmented_image127_patch_0_xy.jpg,0.32,32,32,32.0,32.0
augmented_image103_patch_0_xy.jpg,0.32,32,32,32.0,32.0
augmented_image198_patch_0_xy.jpg,0.32,32,32,32.0,32.0
augmented_image840_patch_0_xy.jpg,0.32,32,32,32.0,32.0
079_patch_0_xy.jpg,0.32,32,32,32.0,32.0
augmented_image812_patch_0_xy.jpg,0.32,32,32,32.0,32.0
augmented_image388_patch_0_xy.jpg,0.32,32,32,32.0,32.0
augmented_image847_patch_0_xy.jpg,0.32,32,32,32.0,32.0
augmented_image709_patch_0_xy.jpg,0.32,32,32,32.0,32.0
augmented_image1028_patch_0_xy.jpg,0.32,32,32,32.0,32.0
020_patch_0_xy.jpg,0.32,32,32,32.0,32.0
augmented_image992_patch_0_xy.jpg,0.32,32,32,32.0,32.0
128_patch_0_xy.jpg,0.32,32,32,32.0,32.0
augmented_image267_patch_0_xy.jpg,0.32,32,32,32.0,32.0
augmented_image562_patch_0_xy.jpg,0.32,32,32,32.0,32.0
augmented_image359_patch_0_xy.jpg,0.32,32,32,32.0,32.0
augmented_image217_patch_0_xy.jpg,0.32,32,32,32.0,32.0
augmented_image509_patch_0_xy.jpg,0.32,32,32,32.0,32.0
augmented_image1040_patch_0_xy.jpg,0.32,32,32,32.0,32.0
augmented_image204_patch_0_xy.jpg,0.32,32,32,32.0,32.0
augmented_image397_patch_0_xy.jpg,0.32,32,32,32.0,32.0
augmented_image261_patch_0_xy.jpg,0.32,32,32,32.0,32.0
augmented_image53_patch_0_xy.jpg,0.32,32,32,32.0,32.0
140_patch_0_xy.jpg,0.32,32,32,32.0,32.0
augmented_image247_patch_0_xy.jpg,0.32,32,32,32.0,32.0
augmented_image684_patch_0_xy.jpg,0.32,32,32,32.0,32.0
augmented_image480_patch_0_xy.jpg,0.32,32,32,32.0,32.0
augmented_image755_patch_0_xy.jpg,0.32,32,32,32.0,32.0
040_patch_0_xy.jpg,0.32,32,32,32.0,32.0
augmented_image21_patch_0_xy.jpg,0.32,32,32,32.0,32.0
augmented_image308_patch_0_xy.jpg,0.32,32,32,32.0,32.0
035_patch_0_xy.jpg,0.32,32,32,32.0,32.0
082_patch_0_xy.jpg,0.32,32,32,32.0,32.0
048_patch_0_xy.jpg,0.32,32,32,32.0,32.0
augmented_image145_patch_0_xy.jpg,0.32,32,32,32.0,32.0
augmented_image310_patch_0_xy.jpg,0.32,32,32,32.0,32.0
augmented_image591_patch_0_xy.jpg,0.32,32,32,32.0,32.0
augmented_image319_patch_0_xy.jpg,0.32,32,32,32.0,32.0
augmented_image961_patch_0_xy.jpg,0.32,32,32,32.0,32.0
augmented_image156_patch_0_xy.jpg,0.32,32,32,32.0,32.0
augmented_image180_patch_0_xy.jpg,0.32,32,32,32.0,32.0
augmented_image68_patch_0_xy.jpg,0.32,32,32,32.0,32.0
augmented_image730_patch_0_xy.jpg,0.32,32,32,32.0,32.0
augmented_image937_patch_0_xy.jpg,0.32,32,32,32.0,32.0
016_patch_0_xy.jpg,0.32,32,32,32.0,32.0
augmented_image1049_patch_0_xy.jpg,0.32,32,32,32.0,32.0
augmented_image788_patch_0_xy.jpg,0.32,32,32,32.0,32.0
augmented_image199_patch_0_xy.jpg,0.32,32,32,32.0,32.0
augmented_image790_patch_0_xy.jpg,0.32,32,32,32.0,32.0
augmented_image794_patch_0_xy.jpg,0.32,32,32,32.0,32.0
augmented_image870_patch_0_xy.jpg,0.32,32,32,32.0,32.0
augmented_image205_patch_0_xy.jpg,0.32,32,32,32.0,32.0
augmented_image79_patch_0_xy.jpg,0.32,32,32,32.0,32.0
augmented_image681_patch_0_xy.jpg,0.32,32,32,32.0,32.0
augmented_image97_patch_0_xy.jpg,0.32,32,32,32.0,32.0
augmented_image996_patch_0_xy.jpg,0.32,32,32,32.0,32.0
augmented_image2_patch_0_xy.jpg,0.32,32,32,32.0,32.0
augmented_image933_patch_0_xy.jpg,0.32,32,32,32.0,32.0
augmented_image1046_patch_0_xy.jpg,0.32,32,32,32.0,32.0
augmented_image731_patch_0_xy.jpg,0.32,32,32,32.0,32.0
augmented_image163_patch_0_xy.jpg,0.32,32,32,32.0,32.0
augmented_image643_patch_0_xy.jpg,0.32,32,32,32.0,32.0
augmented_image816_patch_0_xy.jpg,0.32,32,32,32.0,32.0
augmented_image998_patch_0_xy.jpg,0.32,32,32,32.0,32.0
augmented_image826_patch_0_xy.jpg,0.32,32,32,32.0,32.0
augmented_image232_patch_0_xy.jpg,0.32,32,32,32.0,32.0
augmented_image858_patch_0_xy.jpg,0.32,32,32,32.0,32.0
augmented_image150_patch_0_xy.jpg,0.32,32,32,32.0,32.0
augmented_image564_patch_0_xy.jpg,0.32,32,32,32.0,32.0
augmented_image930_patch_0_xy.jpg,0.32,32,32,32.0,32.0
augmented_image482_patch_0_xy.jpg,0.32,32,32,32.0,32.0
augmented_image472_patch_0_xy.jpg,0.32,32,32,32.0,32.0
augmented_image228_patch_0_xy.jpg,0.32,32,32,32.0,32.0
augmented_image358_patch_0_xy.jpg,0.32,32,32,32.0,32.0
augmented_image720_patch_0_xy.jpg,0.32,32,32,32.0,32.0
122_patch_0_xy.jpg,0.32,32,32,32.0,32.0
augmented_image1008_patch_0_xy.jpg,0.32,32,32,32.0,32.0
augmented_image838_patch_0_xy.jpg,0.32,32,32,32.0,32.0
augmented_image264_patch_0_xy.jpg,0.32,32,32,32.0,32.0
augmented_image655_patch_0_xy.jpg,0.32,32,32,32.0,32.0
augmented_image354_patch_0_xy.jpg,0.32,32,32,32.0,32.0
augmented_image913_patch_0_xy.jpg,0.32,32,32,32.0,32.0
augmented_image262_patch_0_xy.jpg,0.32,32,32,32.0,32.0
augmented_image398_patch_0_xy.jpg,0.32,32,32,32.0,32.0
augmented_image265_patch_0_xy.jpg,0.32,32,32,32.0,32.0
augmented_image144_patch_0_xy.jpg,0.32,32,32,32.0,32.0
054_patch_0_xy.jpg,0.32,32,32,32.0,32.0
augmented_image196_patch_0_xy.jpg,0.32,32,32,32.0,32.0
145_patch_0_xy.jpg,0.32,32,32,32.0,32.0
augmented_image195_patch_0_xy.jpg,0.32,32,32,32.0,32.0
augmented_image843_patch_0_xy.jpg,0.32,32,32,32.0,32.0
augmented_image820_patch_0_xy.jpg,0.32,32,32,32.0,32.0
augmented_image463_patch_0_xy.jpg,0.32,32,32,32.0,32.0
augmented_image296_patch_0_xy.jpg,0.32,32,32,32.0,32.0
augmented_image269_patch_0_xy.jpg,0.32,32,32,32.0,32.0
augmented_image770_patch_0_xy.jpg,0.32,32,32,32.0,32.0
augmented_image15_patch_0_xy.jpg,0.32,32,32,32.0,32.0
augmented_image540_patch_0_xy.jpg,0.32,32,32,32.0,32.0
augmented_image872_patch_0_xy.jpg,0.32,32,32,32.0,32.0
augmented_image750_patch_0_xy.jpg,0.32,32,32,32.0,32.0
augmented_image89_patch_0_xy.jpg,0.32,32,32,32.0,32.0
augmented_image749_patch_0_xy.jpg,0.32,32,32,32.0,32.0
augmented_image711_patch_0_xy.jpg,0.32,32,32,32.0,32.0
augmented_image595_patch_0_xy.jpg,0.32,32,32,32.0,32.0
010_patch_0_xy.jpg,0.32,32,32,32.0,32.0
augmented_image208_patch_0_xy.jpg,0.32,32,32,32.0,32.0
augmented_image891_patch_0_xy.jpg,0.32,32,32,32.0,32.0
augmented_image252_patch_0_xy.jpg,0.32,32,32,32.0,32.0
augmented_image943_patch_0_xy.jpg,0.32,32,32,32.0,32.0
augmented_image607_patch_0_xy.jpg,0.32,32,32,32.0,32.0
augmented_image222_patch_0_xy.jpg,0.32,32,32,32.0,32.0
028_patch_0_xy.jpg,0.32,32,32,32.0,32.0
056_patch_0_xy.jpg,0.32,32,32,32.0,32.0
augmented_image307_patch_0_xy.jpg,0.32,32,32,32.0,32.0
augmented_image462_patch_0_xy.jpg,0.32,32,32,32.0,32.0
augmented_image30_patch_0_xy.jpg,0.32,32,32,32.0,32.0
augmented_image393_patch_0_xy.jpg,0.32,32,32,32.0,32.0
augmented_image357_patch_0_xy.jpg,0.32,32,32,32.0,32.0
augmented_image175_patch_0_xy.jpg,0.32,32,32,32.0,32.0
augmented_image178_patch_0_xy.jpg,0.32,32,32,32.0,32.0
augmented_image885_patch_0_xy.jpg,0.32,32,32,32.0,32.0
088_patch_0_xy.jpg,0.32,32,32,32.0,32.0
augmented_image203_patch_0_xy.jpg,0.32,32,32,32.0,32.0
augmented_image76_patch_0_xy.jpg,0.32,32,32,32.0,32.0
augmented_image128_patch_0_xy.jpg,0.32,32,32,32.0,32.0
043_patch_0_xy.jpg,0.32,32,32,32.0,32.0
113_patch_0_xy.jpg,0.32,32,32,32.0,32.0
augmented_image606_patch_0_xy.jpg,0.32,32,32,32.0,32.0
augmented_image811_patch_0_xy.jpg,0.32,32,32,32.0,32.0
augmented_image1031_patch_0_xy.jpg,0.32,32,32,32.0,32.0
augmented_image767_patch_0_xy.jpg,0.32,32,32,32.0,32.0
augmented_image926_patch_0_xy.jpg,0.32,32,32,32.0,32.0
augmented_image83_patch_0_xy.jpg,0.32,32,32,32.0,32.0
augmented_image906_patch_0_xy.jpg,0.32,32,32,32.0,32.0
051_patch_0_xy.jpg,0.32,32,32,32.0,32.0
augmented_image1021_patch_0_xy.jpg,0.32,32,32,32.0,32.0
009_patch_0_xy.jpg,0.32,32,32,32.0,32.0
augmented_image285_patch_0_xy.jpg,0.32,32,32,32.0,32.0
augmented_image5_patch_0_xy.jpg,0.32,32,32,32.0,32.0
augmented_image687_patch_0_xy.jpg,0.32,32,32,32.0,32.0
augmented_image516_patch_0_xy.jpg,0.32,32,32,32.0,32.0
098_patch_0_xy.jpg,0.32,32,32,32.0,32.0
augmented_image1014_patch_0_xy.jpg,0.32,32,32,32.0,32.0
117_patch_0_xy.jpg,0.32,32,32,32.0,32.0
augmented_image994_patch_0_xy.jpg,0.32,32,32,32.0,32.0
augmented_image183_patch_0_xy.jpg,0.32,32,32,32.0,32.0
augmented_image507_patch_0_xy.jpg,0.32,32,32,32.0,32.0
augmented_image394_patch_0_xy.jpg,0.32,32,32,32.0,32.0
augmented_image597_patch_0_xy.jpg,0.32,32,32,32.0,32.0
augmented_image407_patch_0_xy.jpg,0.32,32,32,32.0,32.0
augmented_image645_patch_0_xy.jpg,0.32,32,32,32.0,32.0
augmented_image945_patch_0_xy.jpg,0.32,32,32,32.0,32.0
augmented_image785_patch_0_xy.jpg,0.32,32,32,32.0,32.0
augmented_image66_patch_0_xy.jpg,0.32,32,32,32.0,32.0
augmented_image795_patch_0_xy.jpg,0.32,32,32,32.0,32.0
augmented_image459_patch_0_xy.jpg,0.32,32,32,32.0,32.0
augmented_image216_patch_0_xy.jpg,0.32,32,32,32.0,32.0
augmented_image55_patch_0_xy.jpg,0.32,32,32,32.0,32.0
augmented_image869_patch_0_xy.jpg,0.32,32,32,32.0,32.0
106_patch_0_xy.jpg,0.32,32,32,32.0,32.0
augmented_image257_patch_0_xy.jpg,0.32,32,32,32.0,32.0
augmented_image412_patch_0_xy.jpg,0.32,32,32,32.0,32.0
augmented_image8_patch_0_xy.jpg,0.32,32,32,32.0,32.0
augmented_image1024_patch_0_xy.jpg,0.32,32,32,32.0,32.0
augmented_image161_patch_0_xy.jpg,0.32,32,32,32.0,32.0
augmented_image825_patch_0_xy.jpg,0.32,32,32,32.0,32.0
augmented_image378_patch_0_xy.jpg,0.32,32,32,32.0,32.0
augmented_image744_patch_0_xy.jpg,0.32,32,32,32.0,32.0
augmented_image1044_patch_0_xy.jpg,0.32,32,32,32.0,32.0
augmented_image988_patch_0_xy.jpg,0.32,32,32,32.0,32.0
augmented_image301_patch_0_xy.jpg,0.32,32,32,32.0,32.0
138_patch_0_xy.jpg,0.32,32,32,32.0,32.0
augmented_image447_patch_0_xy.jpg,0.32,32,32,32.0,32.0
augmented_image924_patch_0_xy.jpg,0.32,32,32,32.0,32.0
072_patch_0_xy.jpg,0.32,32,32,32.0,32.0
augmented_image364_patch_0_xy.jpg,0.32,32,32,32.0,32.0
augmented_image136_patch_0_xy.jpg,0.32,32,32,32.0,32.0
030_patch_0_xy.jpg,0.32,32,32,32.0,32.0
augmented_image615_patch_0_xy.jpg,0.32,32,32,32.0,32.0
augmented_image970_patch_0_xy.jpg,0.32,32,32,32.0,32.0
augmented_image304_patch_0_xy.jpg,0.32,32,32,32.0,32.0
augmented_image893_patch_0_xy.jpg,0.32,32,32,32.0,32.0
augmented_image766_patch_0_xy.jpg,0.32,32,32,32.0,32.0
061_patch_0_xy.jpg,0.32,32,32,32.0,32.0
augmented_image293_patch_0_xy.jpg,0.32,32,32,32.0,32.0
augmented_image536_patch_0_xy.jpg,0.32,32,32,32.0,32.0
augmented_image934_patch_0_xy.jpg,0.32,32,32,32.0,32.0
097_patch_0_xy.jpg,0.32,32,32,32.0,32.0
augmented_image630_patch_0_xy.jpg,0.32,32,32,32.0,32.0
augmented_image275_patch_0_xy.jpg,0.32,32,32,32.0,32.0
augmented_image186_patch_0_xy.jpg,0.32,32,32,32.0,32.0
augmented_image469_patch_0_xy.jpg,0.32,32,32,32.0,32.0
034_patch_0_xy.jpg,0.32,32,32,32.0,32.0
augmented_image821_patch_0_xy.jpg,0.32,32,32,32.0,32.0
augmented_image867_patch_0_xy.jpg,0.32,32,32,32.0,32.0
augmented_image819_patch_0_xy.jpg,0.32,32,32,32.0,32.0
augmented_image392_patch_0_xy.jpg,0.32,32,32,32.0,32.0
augmented_image523_patch_0_xy.jpg,0.32,32,32,32.0,32.0
augmented_image1048_patch_0_xy.jpg,0.32,32,32,32.0,32.0
150_patch_0_xy.jpg,0.32,32,32,32.0,32.0
109_patch_0_xy.jpg,0.32,32,32,32.0,32.0
augmented_image834_patch_0_xy.jpg,0.32,32,32,32.0,32.0
129_patch_0_xy.jpg,0.32,32,32,32.0,32.0
augmented_image105_patch_0_xy.jpg,0.32,32,32,32.0,32.0
augmented_image283_patch_0_xy.jpg,0.32,32,32,32.0,32.0
augmented_image832_patch_0_xy.jpg,0.32,32,32,32.0,32.0
augmented_image584_patch_0_xy.jpg,0.32,32,32,32.0,32.0
augmented_image1010_patch_0_xy.jpg,0.32,32,32,32.0,32.0
augmented_image1004_patch_0_xy.jpg,0.32,32,32,32.0,32.0
augmented_image1007_patch_0_xy.jpg,0.32,32,32,32.0,32.0
augmented_image125_patch_0_xy.jpg,0.32,32,32,32.0,32.0
augmented_image987_patch_0_xy.jpg,0.32,32,32,32.0,32.0
augmented_image25_patch_0_xy.jpg,0.32,32,32,32.0,32.0
augmented_image383_patch_0_xy.jpg,0.32,32,32,32.0,32.0
augmented_image133_patch_0_xy.jpg,0.32,32,32,32.0,32.0
augmented_image671_patch_0_xy.jpg,0.32,32,32,32.0,32.0
augmented_image1019_patch_0_xy.jpg,0.32,32,32,32.0,32.0
augmented_image759_patch_0_xy.jpg,0.32,32,32,32.0,32.0
augmented_image836_patch_0_xy.jpg,0.32,32,32,32.0,32.0
augmented_image921_patch_0_xy.jpg,0.32,32,32,32.0,32.0
augmented_image250_patch_0_xy.jpg,0.32,32,32,32.0,32.0
augmented_image612_patch_0_xy.jpg,0.32,32,32,32.0,32.0
augmented_image955_patch_0_xy.jpg,0.32,32,32,32.0,32.0
augmented_image210_patch_0_xy.jpg,0.32,32,32,32.0,32.0
augmented_image54_patch_0_xy.jpg,0.32,32,32,32.0,32.0
augmented_image887_patch_0_xy.jpg,0.32,32,32,32.0,32.0
augmented_image298_patch_0_xy.jpg,0.32,32,32,32.0,32.0
076_patch_0_xy.jpg,0.32,32,32,32.0,32.0
augmented_image329_patch_0_xy.jpg,0.32,32,32,32.0,32.0
augmented_image209_patch_0_xy.jpg,0.32,32,32,32.0,32.0
augmented_image972_patch_0_xy.jpg,0.32,32,32,32.0,32.0
augmented_image809_patch_0_xy.jpg,0.32,32,32,32.0,32.0
augmented_image829_patch_0_xy.jpg,0.32,32,32,32.0,32.0
augmented_image211_patch_0_xy.jpg,0.32,32,32,32.0,32.0
augmented_image123_patch_0_xy.jpg,0.32,32,32,32.0,32.0
augmented_image743_patch_0_xy.jpg,0.32,32,32,32.0,32.0
augmented_image440_patch_0_xy.jpg,0.32,32,32,32.0,32.0
augmented_image1016_patch_0_xy.jpg,0.32,32,32,32.0,32.0
augmented_image457_patch_0_xy.jpg,0.32,32,32,32.0,32.0
augmented_image953_patch_0_xy.jpg,0.32,32,32,32.0,32.0
augmented_image813_patch_0_xy.jpg,0.32,32,32,32.0,32.0
augmented_image251_patch_0_xy.jpg,0.32,32,32,32.0,32.0
augmented_image761_patch_0_xy.jpg,0.32,32,32,32.0,32.0
augmented_image1013_patch_0_xy.jpg,0.32,32,32,32.0,32.0
augmented_image647_patch_0_xy.jpg,0.32,32,32,32.0,32.0
augmented_image115_patch_0_xy.jpg,0.32,32,32,32.0,32.0
065_patch_0_xy.jpg,0.32,32,32,32.0,32.0
augmented_image120_patch_0_xy.jpg,0.32,32,32,32.0,32.0
augmented_image281_patch_0_xy.jpg,0.32,32,32,32.0,32.0
augmented_image602_patch_0_xy.jpg,0.32,32,32,32.0,32.0
augmented_image985_patch_0_xy.jpg,0.32,32,32,32.0,32.0
augmented_image379_patch_0_xy.jpg,0.32,32,32,32.0,32.0
augmented_image91_patch_0_xy.jpg,0.32,32,32,32.0,32.0
augmented_image473_patch_0_xy.jpg,0.32,32,32,32.0,32.0
augmented_image839_patch_0_xy.jpg,0.32,32,32,32.0,32.0
augmented_image433_patch_0_xy.jpg,0.32,32,32,32.0,32.0
augmented_image854_patch_0_xy.jpg,0.32,32,32,32.0,32.0
augmented_image432_patch_0_xy.jpg,0.32,32,32,32.0,32.0
augmented_image230_patch_0_xy.jpg,0.32,32,32,32.0,32.0
augmented_image303_patch_0_xy.jpg,0.32,32,32,32.0,32.0
augmented_image742_patch_0_xy.jpg,0.32,32,32,32.0,32.0
augmented_image862_patch_0_xy.jpg,0.32,32,32,32.0,32.0
augmented_image631_patch_0_xy.jpg,0.32,32,32,32.0,32.0
augmented_image266_patch_0_xy.jpg,0.32,32,32,32.0,32.0
augmented_image846_patch_0_xy.jpg,0.32,32,32,32.0,32.0
augmented_image350_patch_0_xy.jpg,0.32,32,32,32.0,32.0
024_patch_0_xy.jpg,0.32,32,32,32.0,32.0
augmented_image558_patch_0_xy.jpg,0.32,32,32,32.0,32.0
augmented_image88_patch_0_xy.jpg,0.32,32,32,32.0,32.0
augmented_image754_patch_0_xy.jpg,0.32,32,32,32.0,32.0
074_patch_0_xy.jpg,0.32,32,32,32.0,32.0
augmented_image520_patch_0_xy.jpg,0.32,32,32,32.0,32.0
augmented_image326_patch_0_xy.jpg,0.32,32,32,32.0,32.0
augmented_image170_patch_0_xy.jpg,0.32,32,32,32.0,32.0
089_patch_0_xy.jpg,0.32,32,32,32.0,32.0
augmented_image45_patch_0_xy.jpg,0.32,32,32,32.0,32.0
augmented_image634_patch_0_xy.jpg,0.32,32,32,32.0,32.0
augmented_image442_patch_0_xy.jpg,0.32,32,32,32.0,32.0
067_patch_0_xy.jpg,0.32,32,32,32.0,32.0
101_patch_0_xy.jpg,0.32,32,32,32.0,32.0
augmented_image545_patch_0_xy.jpg,0.32,32,32,32.0,32.0
augmented_image561_patch_0_xy.jpg,0.32,32,32,32.0,32.0
augmented_image454_patch_0_xy.jpg,0.32,32,32,32.0,32.0
augmented_image632_patch_0_xy.jpg,0.32,32,32,32.0,32.0
augmented_image773_patch_0_xy.jpg,0.32,32,32,32.0,32.0
augmented_image142_patch_0_xy.jpg,0.32,32,32,32.0,32.0
augmented_image734_patch_0_xy.jpg,0.32,32,32,32.0,32.0
augmented_image551_patch_0_xy.jpg,0.32,32,32,32.0,32.0
augmented_image438_patch_0_xy.jpg,0.32,32,32,32.0,32.0
039_patch_0_xy.jpg,0.32,32,32,32.0,32.0
augmented_image737_patch_0_xy.jpg,0.32,32,32,32.0,32.0
augmented_image184_patch_0_xy.jpg,0.32,32,32,32.0,32.0
augmented_image525_patch_0_xy.jpg,0.32,32,32,32.0,32.0
augmented_image764_patch_0_xy.jpg,0.32,32,32,32.0,32.0
augmented_image511_patch_0_xy.jpg,0.32,32,32,32.0,32.0
augmented_image376_patch_0_xy.jpg,0.32,32,32,32.0,32.0
augmented_image7_patch_0_xy.jpg,0.32,32,32,32.0,32.0
augmented_image747_patch_0_xy.jpg,0.32,32,32,32.0,32.0
augmented_image426_patch_0_xy.jpg,0.32,32,32,32.0,32.0
augmented_image784_patch_0_xy.jpg,0.32,32,32,32.0,32.0
augmented_image898_patch_0_xy.jpg,0.32,32,32,32.0,32.0
augmented_image837_patch_0_xy.jpg,0.32,32,32,32.0,32.0
augmented_image539_patch_0_xy.jpg,0.32,32,32,32.0,32.0
augmented_image690_patch_0_xy.jpg,0.32,32,32,32.0,32.0
augmented_image425_patch_0_xy.jpg,0.32,32,32,32.0,32.0
049_patch_0_xy.jpg,0.32,32,32,32.0,32.0
augmented_image192_patch_0_xy.jpg,0.32,32,32,32.0,32.0
augmented_image578_patch_0_xy.jpg,0.32,32,32,32.0,32.0
027_patch_0_xy.jpg,0.32,32,32,32.0,32.0
augmented_image1047_patch_0_xy.jpg,0.32,32,32,32.0,32.0
augmented_image249_patch_0_xy.jpg,0.32,32,32,32.0,32.0
augmented_image526_patch_0_xy.jpg,0.32,32,32,32.0,32.0
augmented_image882_patch_0_xy.jpg,0.32,32,32,32.0,32.0
augmented_image883_patch_0_xy.jpg,0.32,32,32,32.0,32.0
augmented_image979_patch_0_xy.jpg,0.32,32,32,32.0,32.0
augmented_image297_patch_0_xy.jpg,0.32,32,32,32.0,32.0
augmented_image517_patch_0_xy.jpg,0.32,32,32,32.0,32.0
augmented_image808_patch_0_xy.jpg,0.32,32,32,32.0,32.0
045_patch_0_xy.jpg,0.32,32,32,32.0,32.0
augmented_image1018_patch_0_xy.jpg,0.32,32,32,32.0,32.0
130_patch_0_xy.jpg,0.32,32,32,32.0,32.0
augmented_image271_patch_0_xy.jpg,0.32,32,32,32.0,32.0
augmented_image3_patch_0_xy.jpg,0.32,32,32,32.0,32.0
augmented_image702_patch_0_xy.jpg,0.32,32,32,32.0,32.0
augmented_image897_patch_0_xy.jpg,0.32,32,32,32.0,32.0
augmented_image510_patch_0_xy.jpg,0.32,32,32,32.0,32.0
augmented_image124_patch_0_xy.jpg,0.32,32,32,32.0,32.0
augmented_image28_patch_0_xy.jpg,0.32,32,32,32.0,32.0
augmented_image873_patch_0_xy.jpg,0.32,32,32,32.0,32.0
augmented_image1032_patch_0_xy.jpg,0.32,32,32,32.0,32.0
augmented_image82_patch_0_xy.jpg,0.32,32,32,32.0,32.0
augmented_image904_patch_0_xy.jpg,0.32,32,32,32.0,32.0
augmented_image420_patch_0_xy.jpg,0.32,32,32,32.0,32.0
augmented_image24_patch_0_xy.jpg,0.32,32,32,32.0,32.0
augmented_image259_patch_0_xy.jpg,0.32,32,32,32.0,32.0
augmented_image102_patch_0_xy.jpg,0.32,32,32,32.0,32.0
augmented_image474_patch_0_xy.jpg,0.32,32,32,32.0,32.0
augmented_image87_patch_0_xy.jpg,0.32,32,32,32.0,32.0
augmented_image336_patch_0_xy.jpg,0.32,32,32,32.0,32.0
augmented_image851_patch_0_xy.jpg,0.32,32,32,32.0,32.0
augmented_image995_patch_0_xy.jpg,0.32,32,32,32.0,32.0
augmented_image940_patch_0_xy.jpg,0.32,32,32,32.0,32.0
augmented_image727_patch_0_xy.jpg,0.32,32,32,32.0,32.0
augmented_image330_patch_0_xy.jpg,0.32,32,32,32.0,32.0
augmented_image636_patch_0_xy.jpg,0.32,32,32,32.0,32.0
augmented_image498_patch_0_xy.jpg,0.32,32,32,32.0,32.0
augmented_image137_patch_0_xy.jpg,0.32,32,32,32.0,32.0
augmented_image656_patch_0_xy.jpg,0.32,32,32,32.0,32.0
augmented_image22_patch_0_xy.jpg,0.32,32,32,32.0,32.0
augmented_image530_patch_0_xy.jpg,0.32,32,32,32.0,32.0
augmented_image477_patch_0_xy.jpg,0.32,32,32,32.0,32.0
augmented_image984_patch_0_xy.jpg,0.32,32,32,32.0,32.0
augmented_image343_patch_0_xy.jpg,0.32,32,32,32.0,32.0
augmented_image483_patch_0_xy.jpg,0.32,32,32,32.0,32.0
augmented_image489_patch_0_xy.jpg,0.32,32,32,32.0,32.0
augmented_image732_patch_0_xy.jpg,0.32,32,32,32.0,32.0
augmented_image965_patch_0_xy.jpg,0.32,32,32,32.0,32.0
071_patch_0_xy.jpg,0.32,32,32,32.0,32.0
012_patch_0_xy.jpg,0.32,32,32,32.0,32.0
augmented_image424_patch_0_xy.jpg,0.32,32,32,32.0,32.0
augmented_image176_patch_0_xy.jpg,0.32,32,32,32.0,32.0
augmented_image341_patch_0_xy.jpg,0.32,32,32,32.0,32.0
augmented_image226_patch_0_xy.jpg,0.32,32,32,32.0,32.0
augmented_image707_patch_0_xy.jpg,0.32,32,32,32.0,32.0
augmented_image452_patch_0_xy.jpg,0.32,32,32,32.0,32.0
augmented_image574_patch_0_xy.jpg,0.32,32,32,32.0,32.0
augmented_image34_patch_0_xy.jpg,0.32,32,32,32.0,32.0
augmented_image36_patch_0_xy.jpg,0.32,32,32,32.0,32.0
augmented_image63_patch_0_xy.jpg,0.32,32,32,32.0,32.0
augmented_image569_patch_0_xy.jpg,0.32,32,32,32.0,32.0
augmented_image566_patch_0_xy.jpg,0.32,32,32,32.0,32.0
augmented_image181_patch_0_xy.jpg,0.32,32,32,32.0,32.0
141_patch_0_xy.jpg,0.32,32,32,32.0,32.0
augmented_image695_patch_0_xy.jpg,0.32,32,32,32.0,32.0
augmented_image522_patch_0_xy.jpg,0.32,32,32,32.0,32.0
augmented_image833_patch_0_xy.jpg,0.32,32,32,32.0,32.0
augmented_image332_patch_0_xy.jpg,0.32,32,32,32.0,32.0
029_patch_0_xy.jpg,0.32,32,32,32.0,32.0
augmented_image571_patch_0_xy.jpg,0.32,32,32,32.0,32.0
augmented_image828_patch_0_xy.jpg,0.32,32,32,32.0,32.0
augmented_image986_patch_0_xy.jpg,0.32,32,32,32.0,32.0
046_patch_0_xy.jpg,0.32,32,32,32.0,32.0
002_patch_0_xy.jpg,0.32,32,32,32.0,32.0
augmented_image556_patch_0_xy.jpg,0.32,32,32,32.0,32.0
augmented_image746_patch_0_xy.jpg,0.32,32,32,32.0,32.0
augmented_image387_patch_0_xy.jpg,0.32,32,32,32.0,32.0
augmented_image775_patch_0_xy.jpg,0.32,32,32,32.0,32.0
augmented_image389_patch_0_xy.jpg,0.32,32,32,32.0,32.0
augmented_image189_patch_0_xy.jpg,0.32,32,32,32.0,32.0
augmented_image544_patch_0_xy.jpg,0.32,32,32,32.0,32.0
augmented_image375_patch_0_xy.jpg,0.32,32,32,32.0,32.0
augmented_image367_patch_0_xy.jpg,0.32,32,32,32.0,32.0
augmented_image62_patch_0_xy.jpg,0.32,32,32,32.0,32.0
augmented_image345_patch_0_xy.jpg,0.32,32,32,32.0,32.0
augmented_image588_patch_0_xy.jpg,0.32,32,32,32.0,32.0
augmented_image576_patch_0_xy.jpg,0.32,32,32,32.0,32.0
augmented_image722_patch_0_xy.jpg,0.32,32,32,32.0,32.0
augmented_image641_patch_0_xy.jpg,0.32,32,32,32.0,32.0
augmented_image909_patch_0_xy.jpg,0.32,32,32,32.0,32.0
augmented_image280_patch_0_xy.jpg,0.32,32,32,32.0,32.0
augmented_image676_patch_0_xy.jpg,0.32,32,32,32.0,32.0
060_patch_0_xy.jpg,0.32,32,32,32.0,32.0
102_patch_0_xy.jpg,0.32,32,32,32.0,32.0
augmented_image599_patch_0_xy.jpg,0.32,32,32,32.0,32.0
augmented_image254_patch_0_xy.jpg,0.32,32,32,32.0,32.0
augmented_image685_patch_0_xy.jpg,0.32,32,32,32.0,32.0
augmented_image368_patch_0_xy.jpg,0.32,32,32,32.0,32.0
augmented_image827_patch_0_xy.jpg,0.32,32,32,32.0,32.0
augmented_image1039_patch_0_xy.jpg,0.32,32,32,32.0,32.0
augmented_image792_patch_0_xy.jpg,0.32,32,32,32.0,32.0
augmented_image197_patch_0_xy.jpg,0.32,32,32,32.0,32.0
augmented_image44_patch_0_xy.jpg,0.32,32,32,32.0,32.0
augmented_image225_patch_0_xy.jpg,0.32,32,32,32.0,32.0
augmented_image624_patch_0_xy.jpg,0.32,32,32,32.0,32.0
augmented_image959_patch_0_xy.jpg,0.32,32,32,32.0,32.0
augmented_image56_patch_0_xy.jpg,0.32,32,32,32.0,32.0
augmented_image471_patch_0_xy.jpg,0.32,32,32,32.0,32.0
augmented_image991_patch_0_xy.jpg,0.32,32,32,32.0,32.0
augmented_image318_patch_0_xy.jpg,0.32,32,32,32.0,32.0
146_patch_0_xy.jpg,0.32,32,32,32.0,32.0
augmented_image546_patch_0_xy.jpg,0.32,32,32,32.0,32.0
augmented_image455_patch_0_xy.jpg,0.32,32,32,32.0,32.0
augmented_image334_patch_0_xy.jpg,0.32,32,32,32.0,32.0
augmented_image26_patch_0_xy.jpg,0.32,32,32,32.0,32.0
augmented_image823_patch_0_xy.jpg,0.32,32,32,32.0,32.0
augmented_image783_patch_0_xy.jpg,0.32,32,32,32.0,32.0
augmented_image697_patch_0_xy.jpg,0.32,32,32,32.0,32.0
augmented_image20_patch_0_xy.jpg,0.32,32,32,32.0,32.0
augmented_image874_patch_0_xy.jpg,0.32,32,32,32.0,32.0
augmented_image805_patch_0_xy.jpg,0.32,32,32,32.0,32.0
augmented_image789_patch_0_xy.jpg,0.32,32,32,32.0,32.0
augmented_image1033_patch_0_xy.jpg,0.32,32,32,32.0,32.0
augmented_image966_patch_0_xy.jpg,0.32,32,32,32.0,32.0
augmented_image158_patch_0_xy.jpg,0.32,32,32,32.0,32.0
augmented_image90_patch_0_xy.jpg,0.32,32,32,32.0,32.0
augmented_image139_patch_0_xy.jpg,0.32,32,32,32.0,32.0
augmented_image529_patch_0_xy.jpg,0.32,32,32,32.0,32.0
augmented_image324_patch_0_xy.jpg,0.32,32,32,32.0,32.0
augmented_image801_patch_0_xy.jpg,0.32,32,32,32.0,32.0
augmented_image112_patch_0_xy.jpg,0.32,32,32,32.0,32.0
augmented_image51_patch_0_xy.jpg,0.32,32,32,32.0,32.0
augmented_image451_patch_0_xy.jpg,0.32,32,32,32.0,32.0
augmented_image903_patch_0_xy.jpg,0.32,32,32,32.0,32.0
augmented_image859_patch_0_xy.jpg,0.32,32,32,32.0,32.0
059_patch_0_xy.jpg,0.32,32,32,32.0,32.0
augmented_image374_patch_0_xy.jpg,0.32,32,32,32.0,32.0
augmented_image27_patch_0_xy.jpg,0.32,32,32,32.0,32.0
augmented_image504_patch_0_xy.jpg,0.32,32,32,32.0,32.0
augmented_image108_patch_0_xy.jpg,0.32,32,32,32.0,32.0
augmented_image803_patch_0_xy.jpg,0.32,32,32,32.0,32.0
105_patch_0_xy.jpg,0.32,32,32,32.0,32.0
augmented_image865_patch_0_xy.jpg,0.32,32,32,32.0,32.0
augmented_image194_patch_0_xy.jpg,0.32,32,32,32.0,32.0
augmented_image132_patch_0_xy.jpg,0.32,32,32,32.0,32.0
augmented_image782_patch_0_xy.jpg,0.32,32,32,32.0,32.0
augmented_image242_patch_0_xy.jpg,0.32,32,32,32.0,32.0
augmented_image405_patch_0_xy.jpg,0.32,32,32,32.0,32.0
augmented_image1030_patch_0_xy.jpg,0.32,32,32,32.0,32.0
032_patch_0_xy.jpg,0.32,32,32,32.0,32.0
017_patch_0_xy.jpg,0.32,32,32,32.0,32.0
augmented_image1027_patch_0_xy.jpg,0.32,32,32,32.0,32.0
augmented_image146_patch_0_xy.jpg,0.32,32,32,32.0,32.0
023_patch_0_xy.jpg,0.32,32,32,32.0,32.0
augmented_image964_patch_0_xy.jpg,0.32,32,32,32.0,32.0
augmented_image791_patch_0_xy.jpg,0.32,32,32,32.0,32.0
augmented_image694_patch_0_xy.jpg,0.32,32,32,32.0,32.0
augmented_image601_patch_0_xy.jpg,0.32,32,32,32.0,32.0
augmented_image971_patch_0_xy.jpg,0.32,32,32,32.0,32.0
augmented_image295_patch_0_xy.jpg,0.32,32,32,32.0,32.0
augmented_image18_patch_0_xy.jpg,0.32,32,32,32.0,32.0
augmented_image67_patch_0_xy.jpg,0.32,32,32,32.0,32.0
augmented_image639_patch_0_xy.jpg,0.32,32,32,32.0,32.0
augmented_image704_patch_0_xy.jpg,0.32,32,32,32.0,32.0
augmented_image939_patch_0_xy.jpg,0.32,32,32,32.0,32.0
augmented_image235_patch_0_xy.jpg,0.32,32,32,32.0,32.0
119_patch_0_xy.jpg,0.32,32,32,32.0,32.0
066_patch_0_xy.jpg,0.32,32,32,32.0,32.0
augmented_image1023_patch_0_xy.jpg,0.32,32,32,32.0,32.0
augmented_image344_patch_0_xy.jpg,0.32,32,32,32.0,32.0
augmented_image421_patch_0_xy.jpg,0.32,32,32,32.0,32.0
augmented_image487_patch_0_xy.jpg,0.32,32,32,32.0,32.0
augmented_image31_patch_0_xy.jpg,0.32,32,32,32.0,32.0
augmented_image402_patch_0_xy.jpg,0.32,32,32,32.0,32.0
augmented_image117_patch_0_xy.jpg,0.32,32,32,32.0,32.0
augmented_image159_patch_0_xy.jpg,0.32,32,32,32.0,32.0
augmented_image806_patch_0_xy.jpg,0.32,32,32,32.0,32.0
055_patch_0_xy.jpg,0.32,32,32,32.0,32.0
augmented_image356_patch_0_xy.jpg,0.32,32,32,32.0,32.0
augmented_image954_patch_0_xy.jpg,0.32,32,32,32.0,32.0
augmented_image49_patch_0_xy.jpg,0.32,32,32,32.0,32.0
augmented_image215_patch_0_xy.jpg,0.32,32,32,32.0,32.0
augmented_image4_patch_0_xy.jpg,0.32,32,32,32.0,32.0
149_patch_0_xy.jpg,0.32,32,32,32.0,32.0
augmented_image850_patch_0_xy.jpg,0.32,32,32,32.0,32.0
augmented_image300_patch_0_xy.jpg,0.32,32,32,32.0,32.0
augmented_image429_patch_0_xy.jpg,0.32,32,32,32.0,32.0
augmented_image69_patch_0_xy.jpg,0.32,32,32,32.0,32.0
augmented_image449_patch_0_xy.jpg,0.32,32,32,32.0,32.0
augmented_image362_patch_0_xy.jpg,0.32,32,32,32.0,32.0
augmented_image11_patch_0_xy.jpg,0.32,32,32,32.0,32.0
augmented_image960_patch_0_xy.jpg,0.32,32,32,32.0,32.0
augmented_image1034_patch_0_xy.jpg,0.32,32,32,32.0,32.0
augmented_image931_patch_0_xy.jpg,0.32,32,32,32.0,32.0
augmented_image871_patch_0_xy.jpg,0.32,32,32,32.0,32.0
augmented_image110_patch_0_xy.jpg,0.32,32,32,32.0,32.0
augmented_image929_patch_0_xy.jpg,0.32,32,32,32.0,32.0
augmented_image876_patch_0_xy.jpg,0.32,32,32,32.0,32.0
augmented_image688_patch_0_xy.jpg,0.32,32,32,32.0,32.0
augmented_image172_patch_0_xy.jpg,0.32,32,32,32.0,32.0
augmented_image997_patch_0_xy.jpg,0.32,32,32,32.0,32.0
augmented_image772_patch_0_xy.jpg,0.32,32,32,32.0,32.0
augmented_image609_patch_0_xy.jpg,0.32,32,32,32.0,32.0
augmented_image118_patch_0_xy.jpg,0.32,32,32,32.0,32.0
augmented_image135_patch_0_xy.jpg,0.32,32,32,32.0,32.0
augmented_image700_patch_0_xy.jpg,0.32,32,32,32.0,32.0
augmented_image292_patch_0_xy.jpg,0.32,32,32,32.0,32.0
augmented_image705_patch_0_xy.jpg,0.32,32,32,32.0,32.0
augmented_image80_patch_0_xy.jpg,0.32,32,32,32.0,32.0
augmented_image17_patch_0_xy.jpg,0.32,32,32,32.0,32.0
augmented_image949_patch_0_xy.jpg,0.32,32,32,32.0,32.0
augmented_image652_patch_0_xy.jpg,0.32,32,32,32.0,32.0
augmented_image778_patch_0_xy.jpg,0.32,32,32,32.0,32.0
augmented_image1029_patch_0_xy.jpg,0.32,32,32,32.0,32.0
augmented_image1026_patch_0_xy.jpg,0.32,32,32,32.0,32.0
augmented_image240_patch_0_xy.jpg,0.32,32,32,32.0,32.0
augmented_image629_patch_0_xy.jpg,0.32,32,32,32.0,32.0
augmented_image411_patch_0_xy.jpg,0.32,32,32,32.0,32.0
augmented_image277_patch_0_xy.jpg,0.32,32,32,32.0,32.0
047_patch_0_xy.jpg,0.32,32,32,32.0,32.0
augmented_image95_patch_0_xy.jpg,0.32,32,32,32.0,32.0
augmented_image164_patch_0_xy.jpg,0.32,32,32,32.0,32.0
augmented_image942_patch_0_xy.jpg,0.32,32,32,32.0,32.0
augmented_image852_patch_0_xy.jpg,0.32,32,32,32.0,32.0
augmented_image147_patch_0_xy.jpg,0.32,32,32,32.0,32.0
augmented_image905_patch_0_xy.jpg,0.32,32,32,32.0,32.0
augmented_image47_patch_0_xy.jpg,0.32,32,32,32.0,32.0
augmented_image212_patch_0_xy.jpg,0.32,32,32,32.0,32.0
026_patch_0_xy.jpg,0.32,32,32,32.0,32.0
augmented_image35_patch_0_xy.jpg,0.32,32,32,32.0,32.0
augmented_image918_patch_0_xy.jpg,0.32,32,32,32.0,32.0
augmented_image460_patch_0_xy.jpg,0.32,32,32,32.0,32.0
augmented_image718_patch_0_xy.jpg,0.32,32,32,32.0,32.0
augmented_image143_patch_0_xy.jpg,0.32,32,32,32.0,32.0
116_patch_0_xy.jpg,0.32,32,32,32.0,32.0
augmented_image621_patch_0_xy.jpg,0.32,32,32,32.0,32.0
augmented_image491_patch_0_xy.jpg,0.32,32,32,32.0,32.0
augmented_image616_patch_0_xy.jpg,0.32,32,32,32.0,32.0
augmented_image513_patch_0_xy.jpg,0.32,32,32,32.0,32.0
augmented_image65_patch_0_xy.jpg,0.32,32,32,32.0,32.0
augmented_image611_patch_0_xy.jpg,0.32,32,32,32.0,32.0
augmented_image14_patch_0_xy.jpg,0.32,32,32,32.0,32.0
augmented_image468_patch_0_xy.jpg,0.32,32,32,32.0,32.0
augmented_image952_patch_0_xy.jpg,0.32,32,32,32.0,32.0
augmented_image337_patch_0_xy.jpg,0.32,32,32,32.0,32.0
augmented_image976_patch_0_xy.jpg,0.32,32,32,32.0,32.0
augmented_image360_patch_0_xy.jpg,0.32,32,32,32.0,32.0
augmented_image646_patch_0_xy.jpg,0.32,32,32,32.0,32.0
augmented_image596_patch_0_xy.jpg,0.32,32,32,32.0,32.0
augmented_image951_patch_0_xy.jpg,0.32,32,32,32.0,32.0
augmented_image6_patch_0_xy.jpg,0.32,32,32,32.0,32.0
augmented_image1038_patch_0_xy.jpg,0.32,32,32,32.0,32.0
augmented_image527_patch_0_xy.jpg,0.32,32,32,32.0,32.0
augmented_image48_patch_0_xy.jpg,0.32,32,32,32.0,32.0
augmented_image622_patch_0_xy.jpg,0.32,32,32,32.0,32.0
augmented_image845_patch_0_xy.jpg,0.32,32,32,32.0,32.0
augmented_image185_patch_0_xy.jpg,0.32,32,32,32.0,32.0
091_patch_0_xy.jpg,0.32,32,32,32.0,32.0
augmented_image138_patch_0_xy.jpg,0.32,32,32,32.0,32.0
augmented_image248_patch_0_xy.jpg,0.32,32,32,32.0,32.0
augmented_image84_patch_0_xy.jpg,0.32,32,32,32.0,32.0
078_patch_0_xy.jpg,0.32,32,32,32.0,32.0
096_patch_0_xy.jpg,0.32,32,32,32.0,32.0
augmented_image708_patch_0_xy.jpg,0.32,32,32,32.0,32.0
augmented_image928_patch_0_xy.jpg,0.32,32,32,32.0,32.0
augmented_image13_patch_0_xy.jpg,0.32,32,32,32.0,32.0
augmented_image715_patch_0_xy.jpg,0.32,32,32,32.0,32.0
augmented_image603_patch_0_xy.jpg,0.32,32,32,32.0,32.0
augmented_image372_patch_0_xy.jpg,0.32,32,32,32.0,32.0
augmented_image260_patch_0_xy.jpg,0.32,32,32,32.0,32.0
augmented_image238_patch_0_xy.jpg,0.32,32,32,32.0,32.0
augmented_image476_patch_0_xy.jpg,0.32,32,32,32.0,32.0
augmented_image502_patch_0_xy.jpg,0.32,32,32,32.0,32.0
augmented_image683_patch_0_xy.jpg,0.32,32,32,32.0,32.0
augmented_image567_patch_0_xy.jpg,0.32,32,32,32.0,32.0
augmented_image553_patch_0_xy.jpg,0.32,32,32,32.0,32.0
augmented_image213_patch_0_xy.jpg,0.32,32,32,32.0,32.0
augmented_image71_patch_0_xy.jpg,0.32,32,32,32.0,32.0
augmented_image555_patch_0_xy.jpg,0.32,32,32,32.0,32.0
augmented_image648_patch_0_xy.jpg,0.32,32,32,32.0,32.0
augmented_image492_patch_0_xy.jpg,0.32,32,32,32.0,32.0
augmented_image799_patch_0_xy.jpg,0.32,32,32,32.0,32.0
augmented_image590_patch_0_xy.jpg,0.32,32,32,32.0,32.0
augmented_image129_patch_0_xy.jpg,0.32,32,32,32.0,32.0
111_patch_0_xy.jpg,0.32,32,32,32.0,32.0
augmented_image289_patch_0_xy.jpg,0.32,32,32,32.0,32.0
augmented_image894_patch_0_xy.jpg,0.32,32,32,32.0,32.0
augmented_image610_patch_0_xy.jpg,0.32,32,32,32.0,32.0
augmented_image717_patch_0_xy.jpg,0.32,32,32,32.0,32.0
augmented_image878_patch_0_xy.jpg,0.32,32,32,32.0,32.0
augmented_image400_patch_0_xy.jpg,0.32,32,32,32.0,32.0
augmented_image41_patch_0_xy.jpg,0.32,32,32,32.0,32.0
augmented_image680_patch_0_xy.jpg,0.32,32,32,32.0,32.0
augmented_image486_patch_0_xy.jpg,0.32,32,32,32.0,32.0
augmented_image902_patch_0_xy.jpg,0.32,32,32,32.0,32.0
augmented_image273_patch_0_xy.jpg,0.32,32,32,32.0,32.0
044_patch_0_xy.jpg,0.32,32,32,32.0,32.0
augmented_image475_patch_0_xy.jpg,0.32,32,32,32.0,32.0
augmented_image245_patch_0_xy.jpg,0.32,32,32,32.0,32.0
augmented_image414_patch_0_xy.jpg,0.32,32,32,32.0,32.0
augmented_image148_patch_0_xy.jpg,0.32,32,32,32.0,32.0
augmented_image814_patch_0_xy.jpg,0.32,32,32,32.0,32.0
118_patch_0_xy.jpg,0.32,32,32,32.0,32.0
augmented_image441_patch_0_xy.jpg,0.32,32,32,32.0,32.0
augmented_image901_patch_0_xy.jpg,0.32,32,32,32.0,32.0
augmented_image598_patch_0_xy.jpg,0.32,32,32,32.0,32.0
augmented_image912_patch_0_xy.jpg,0.32,32,32,32.0,32.0
augmented_image96_patch_0_xy.jpg,0.32,32,32,32.0,32.0
augmented_image713_patch_0_xy.jpg,0.32,32,32,32.0,32.0
126_patch_0_xy.jpg,0.32,32,32,32.0,32.0
augmented_image253_patch_0_xy.jpg,0.32,32,32,32.0,32.0
augmented_image810_patch_0_xy.jpg,0.32,32,32,32.0,32.0
augmented_image488_patch_0_xy.jpg,0.32,32,32,32.0,32.0
121_patch_0_xy.jpg,0.32,32,32,32.0,32.0
augmented_image948_patch_0_xy.jpg,0.32,32,32,32.0,32.0
augmented_image19_patch_0_xy.jpg,0.32,32,32,32.0,32.0
augmented_image975_patch_0_xy.jpg,0.32,32,32,32.0,32.0
augmented_image85_patch_0_xy.jpg,0.32,32,32,32.0,32.0
augmented_image233_patch_0_xy.jpg,0.32,32,32,32.0,32.0
115_patch_0_xy.jpg,0.32,32,32,32.0,32.0
augmented_image969_patch_0_xy.jpg,0.32,32,32,32.0,32.0
augmented_image973_patch_0_xy.jpg,0.32,32,32,32.0,32.0
augmented_image587_patch_0_xy.jpg,0.32,32,32,32.0,32.0
augmented_image282_patch_0_xy.jpg,0.32,32,32,32.0,32.0
augmented_image113_patch_0_xy.jpg,0.32,32,32,32.0,32.0
augmented_image448_patch_0_xy.jpg,0.32,32,32,32.0,32.0
022_patch_0_xy.jpg,0.32,32,32,32.0,32.0
augmented_image390_patch_0_xy.jpg,0.32,32,32,32.0,32.0
augmented_image331_patch_0_xy.jpg,0.32,32,32,32.0,32.0
augmented_image1035_patch_0_xy.jpg,0.32,32,32,32.0,32.0
augmented_image0_patch_0_xy.jpg,0.32,32,32,32.0,32.0
068_patch_0_xy.jpg,0.32,32,32,32.0,32.0
augmented_image604_patch_0_xy.jpg,0.32,32,32,32.0,32.0
augmented_image453_patch_0_xy.jpg,0.32,32,32,32.0,32.0
092_patch_0_xy.jpg,0.32,32,32,32.0,32.0
augmented_image947_patch_0_xy.jpg,0.32,32,32,32.0,32.0
008_patch_0_xy.jpg,0.32,32,32,32.0,32.0
augmented_image223_patch_0_xy.jpg,0.32,32,32,32.0,32.0
augmented_image519_patch_0_xy.jpg,0.32,32,32,32.0,32.0
augmented_image428_patch_0_xy.jpg,0.32,32,32,32.0,32.0
augmented_image662_patch_0_xy.jpg,0.32,32,32,32.0,32.0
augmented_image733_patch_0_xy.jpg,0.32,32,32,32.0,32.0
114_patch_0_xy.jpg,0.32,32,32,32.0,32.0
augmented_image299_patch_0_xy.jpg,0.32,32,32,32.0,32.0
augmented_image182_patch_0_xy.jpg,0.32,32,32,32.0,32.0
augmented_image528_patch_0_xy.jpg,0.32,32,32,32.0,32.0
augmented_image1043_patch_0_xy.jpg,0.32,32,32,32.0,32.0
148_patch_0_xy.jpg,0.32,32,32,32.0,32.0
041_patch_0_xy.jpg,0.32,32,32,32.0,32.0
augmented_image353_patch_0_xy.jpg,0.32,32,32,32.0,32.0
augmented_image333_patch_0_xy.jpg,0.32,32,32,32.0,32.0
augmented_image305_patch_0_xy.jpg,0.32,32,32,32.0,32.0
augmented_image963_patch_0_xy.jpg,0.32,32,32,32.0,32.0
augmented_image565_patch_0_xy.jpg,0.32,32,32,32.0,32.0
augmented_image663_patch_0_xy.jpg,0.32,32,32,32.0,32.0
augmented_image508_patch_0_xy.jpg,0.32,32,32,32.0,32.0
augmented_image962_patch_0_xy.jpg,0.32,32,32,32.0,32.0
augmented_image16_patch_0_xy.jpg,0.32,32,32,32.0,32.0
052_patch_0_xy.jpg,0.32,32,32,32.0,32.0
augmented_image311_patch_0_xy.jpg,0.32,32,32,32.0,32.0
augmented_image957_patch_0_xy.jpg,0.32,32,32,32.0,32.0
augmented_image682_patch_0_xy.jpg,0.32,32,32,32.0,32.0
augmented_image515_patch_0_xy.jpg,0.32,32,32,32.0,32.0
augmented_image467_patch_0_xy.jpg,0.32,32,32,32.0,32.0
augmented_image605_patch_0_xy.jpg,0.32,32,32,32.0,32.0
augmented_image728_patch_0_xy.jpg,0.32,32,32,32.0,32.0
063_patch_0_xy.jpg,0.32,32,32,32.0,32.0
augmented_image618_patch_0_xy.jpg,0.32,32,32,32.0,32.0
augmented_image401_patch_0_xy.jpg,0.32,32,32,32.0,32.0
augmented_image479_patch_0_xy.jpg,0.32,32,32,32.0,32.0
augmented_image234_patch_0_xy.jpg,0.32,32,32,32.0,32.0
augmented_image824_patch_0_xy.jpg,0.32,32,32,32.0,32.0
augmented_image911_patch_0_xy.jpg,0.32,32,32,32.0,32.0
augmented_image431_patch_0_xy.jpg,0.32,32,32,32.0,32.0
augmented_image33_patch_0_xy.jpg,0.32,32,32,32.0,32.0
augmented_image439_patch_0_xy.jpg,0.32,32,32,32.0,32.0
094_patch_0_xy.jpg,0.32,32,32,32.0,32.0
augmented_image514_patch_0_xy.jpg,0.32,32,32,32.0,32.0
augmented_image642_patch_0_xy.jpg,0.32,32,32,32.0,32.0
augmented_image207_patch_0_xy.jpg,0.32,32,32,32.0,32.0
augmented_image922_patch_0_xy.jpg,0.32,32,32,32.0,32.0
augmented_image506_patch_0_xy.jpg,0.32,32,32,32.0,32.0
augmented_image938_patch_0_xy.jpg,0.32,32,32,32.0,32.0
augmented_image446_patch_0_xy.jpg,0.32,32,32,32.0,32.0
augmented_image848_patch_0_xy.jpg,0.32,32,32,32.0,32.0
augmented_image768_patch_0_xy.jpg,0.32,32,32,32.0,32.0
augmented_image499_patch_0_xy.jpg,0.32,32,32,32.0,32.0
augmented_image920_patch_0_xy.jpg,0.32,32,32,32.0,32.0
augmented_image153_patch_0_xy.jpg,0.32,32,32,32.0,32.0
006_patch_0_xy.jpg,0.32,32,32,32.0,32.0
augmented_image493_patch_0_xy.jpg,0.32,32,32,32.0,32.0
augmented_image340_patch_0_xy.jpg,0.32,32,32,32.0,32.0
augmented_image219_patch_0_xy.jpg,0.32,32,32,32.0,32.0
132_patch_0_xy.jpg,0.32,32,32,32.0,32.0
augmented_image167_patch_0_xy.jpg,0.32,32,32,32.0,32.0
augmented_image895_patch_0_xy.jpg,0.32,32,32,32.0,32.0
augmented_image72_patch_0_xy.jpg,0.32,32,32,32.0,32.0
augmented_image327_patch_0_xy.jpg,0.32,32,32,32.0,32.0
augmented_image877_patch_0_xy.jpg,0.32,32,32,32.0,32.0
augmented_image745_patch_0_xy.jpg,0.32,32,32,32.0,32.0
augmented_image391_patch_0_xy.jpg,0.32,32,32,32.0,32.0
033_patch_0_xy.jpg,0.32,32,32,32.0,32.0
augmented_image864_patch_0_xy.jpg,0.32,32,32,32.0,32.0
augmented_image613_patch_0_xy.jpg,0.32,32,32,32.0,32.0
augmented_image725_patch_0_xy.jpg,0.32,32,32,32.0,32.0
augmented_image119_patch_0_xy.jpg,0.32,32,32,32.0,32.0
augmented_image659_patch_0_xy.jpg,0.32,32,32,32.0,32.0
augmented_image413_patch_0_xy.jpg,0.32,32,32,32.0,32.0
augmented_image81_patch_0_xy.jpg,0.32,32,32,32.0,32.0
augmented_image703_patch_0_xy.jpg,0.32,32,32,32.0,32.0
augmented_image322_patch_0_xy.jpg,0.32,32,32,32.0,32.0
augmented_image675_patch_0_xy.jpg,0.32,32,32,32.0,32.0
augmented_image109_patch_0_xy.jpg,0.32,32,32,32.0,32.0
augmented_image58_patch_0_xy.jpg,0.32,32,32,32.0,32.0
144_patch_0_xy.jpg,0.32,32,32,32.0,32.0
augmented_image1_patch_0_xy.jpg,0.32,32,32,32.0,32.0
augmented_image637_patch_0_xy.jpg,0.32,32,32,32.0,32.0
augmented_image284_patch_0_xy.jpg,0.32,32,32,32.0,32.0
augmented_image856_patch_0_xy.jpg,0.32,32,32,32.0,32.0
augmented_image831_patch_0_xy.jpg,0.32,32,32,32.0,32.0
augmented_image935_patch_0_xy.jpg,0.32,32,32,32.0,32.0
augmented_image106_patch_0_xy.jpg,0.32,32,32,32.0,32.0
augmented_image726_patch_0_xy.jpg,0.32,32,32,32.0,32.0
augmented_image229_patch_0_xy.jpg,0.32,32,32,32.0,32.0
augmented_image165_patch_0_xy.jpg,0.32,32,32,32.0,32.0
augmented_image179_patch_0_xy.jpg,0.32,32,32,32.0,32.0
augmented_image100_patch_0_xy.jpg,0.32,32,32,32.0,32.0
augmented_image512_patch_0_xy.jpg,0.32,32,32,32.0,32.0
augmented_image915_patch_0_xy.jpg,0.32,32,32,32.0,32.0
augmented_image619_patch_0_xy.jpg,0.32,32,32,32.0,32.0
038_patch_0_xy.jpg,0.32,32,32,32.0,32.0
augmented_image679_patch_0_xy.jpg,0.32,32,32,32.0,32.0
augmented_image914_patch_0_xy.jpg,0.32,32,32,32.0,32.0
augmented_image74_patch_0_xy.jpg,0.32,32,32,32.0,32.0
110_patch_0_xy.jpg,0.32,32,32,32.0,32.0
069_patch_0_xy.jpg,0.32,32,32,32.0,32.0
augmented_image797_patch_0_xy.jpg,0.32,32,32,32.0,32.0
augmented_image177_patch_0_xy.jpg,0.32,32,32,32.0,32.0
augmented_image570_patch_0_xy.jpg,0.32,32,32,32.0,32.0
005_patch_0_xy.jpg,0.32,32,32,32.0,32.0
augmented_image807_patch_0_xy.jpg,0.32,32,32,32.0,32.0
augmented_image608_patch_0_xy.jpg,0.32,32,32,32.0,32.0
augmented_image154_patch_0_xy.jpg,0.32,32,32,32.0,32.0
augmented_image627_patch_0_xy.jpg,0.32,32,32,32.0,32.0
augmented_image155_patch_0_xy.jpg,0.32,32,32,32.0,32.0
augmented_image456_patch_0_xy.jpg,0.32,32,32,32.0,32.0
093_patch_0_xy.jpg,0.32,32,32,32.0,32.0
augmented_image338_patch_0_xy.jpg,0.32,32,32,32.0,32.0
augmented_image866_patch_0_xy.jpg,0.32,32,32,32.0,32.0
augmented_image349_patch_0_xy.jpg,0.32,32,32,32.0,32.0
augmented_image191_patch_0_xy.jpg,0.32,32,32,32.0,32.0
augmented_image268_patch_0_xy.jpg,0.32,32,32,32.0,32.0
augmented_image835_patch_0_xy.jpg,0.32,32,32,32.0,32.0
augmented_image40_patch_0_xy.jpg,0.32,32,32,32.0,32.0
augmented_image270_patch_0_xy.jpg,0.32,32,32,32.0,32.0
142_patch_0_xy.jpg,0.32,32,32,32.0,32.0
augmented_image101_patch_0_xy.jpg,0.32,32,32,32.0,32.0
augmented_image1000_patch_0_xy.jpg,0.32,32,32,32.0,32.0
augmented_image57_patch_0_xy.jpg,0.32,32,32,32.0,32.0
augmented_image50_patch_0_xy.jpg,0.32,32,32,32.0,32.0
augmented_image699_patch_0_xy.jpg,0.32,32,32,32.0,32.0
augmented_image623_patch_0_xy.jpg,0.32,32,32,32.0,32.0
augmented_image187_patch_0_xy.jpg,0.32,32,32,32.0,32.0
augmented_image583_patch_0_xy.jpg,0.32,32,32,32.0,32.0
augmented_image366_patch_0_xy.jpg,0.32,32,32,32.0,32.0
139_patch_0_xy.jpg,0.32,32,32,32.0,32.0
augmented_image490_patch_0_xy.jpg,0.32,32,32,32.0,32.0
augmented_image1001_patch_0_xy.jpg,0.32,32,32,32.0,32.0
125_patch_0_xy.jpg,0.32,32,32,32.0,32.0
augmented_image917_patch_0_xy.jpg,0.32,32,32,32.0,32.0
augmented_image37_patch_0_xy.jpg,0.32,32,32,32.0,32.0
augmented_image542_patch_0_xy.jpg,0.32,32,32,32.0,32.0
augmented_image152_patch_0_xy.jpg,0.32,32,32,32.0,32.0
augmented_image409_patch_0_xy.jpg,0.32,32,32,32.0,32.0
augmented_image501_patch_0_xy.jpg,0.32,32,32,32.0,32.0
augmented_image73_patch_0_xy.jpg,0.32,32,32,32.0,32.0
037_patch_0_xy.jpg,0.32,32,32,32.0,32.0
